{"cameraMode":{"drawMode":0,"name":"Shaded","section":"Shading Mode"},"sceneLighting":true,"audioPlay":false,"sceneViewState":{"showFog":true,"showMaterialUpdate":false,"showSkybox":true,"showFlares":true,"showImageEffects":true,"showParticleSystems":true},"in2DMode":false,"pivot":{"x":14.824109077453614,"y":1.5186467170715333,"z":62.89930725097656},"rotation":{"x":-0.002255248837172985,"y":0.9975053071975708,"z":-0.03773332014679909,"w":-0.059621237218379977},"size":9.562844276428223,"orthographic":false}