{"cameraMode":{"drawMode":0,"name":"Shaded","section":"Shading Mode"},"sceneLighting":true,"audioPlay":false,"sceneViewState":{"showFog":true,"showMaterialUpdate":false,"showSkybox":true,"showFlares":true,"showImageEffects":true,"showParticleSystems":true},"in2DMode":false,"pivot":{"x":17.671945571899415,"y":4.519959449768066,"z":81.49512481689453},"rotation":{"x":-0.011109726503491402,"y":0.9885088801383972,"z":-0.11950437724590302,"w":-0.09189743548631668},"size":-1.2894954681396485,"orthographic":false}